{"cameraMode":{"drawMode":0,"name":"Shaded","section":"Shading Mode"},"sceneLighting":true,"audioPlay":false,"sceneViewState":{"showFog":true,"showMaterialUpdate":false,"showSkybox":true,"showFlares":true,"showImageEffects":true,"showParticleSystems":true},"in2DMode":false,"pivot":{"x":0.09000015258789063,"y":0.3511486053466797,"z":3.8500003814697267},"rotation":{"x":0.034256208688020709,"y":-0.25092676281929018,"z":0.008886457420885563,"w":0.9673590064048767},"size":52.013484954833987,"orthographic":true}