{"cameraMode":{"drawMode":0,"name":"Shaded","section":"Shading Mode"},"sceneLighting":true,"audioPlay":false,"sceneViewState":{"showFog":true,"showMaterialUpdate":false,"showSkybox":true,"showFlares":true,"showImageEffects":true,"showParticleSystems":true},"in2DMode":false,"pivot":{"x":8.222726821899414,"y":5.080002307891846,"z":-5.3852996826171879},"rotation":{"x":0.5089252591133118,"y":-0.0490117222070694,"z":0.02904021181166172,"w":0.8589235544204712},"size":80.02074432373047,"orthographic":true}